{"X":[-13.0,-10.042181968688965,-6.924173355102539,-5.101205825805664,-3.451334238052368,-1.6491541862487793,0.20611606538295746,2.0180442333221436,5.565484046936035,7.454591751098633,9.1240234375,10.29608154296875,11.544322967529297,12.930490493774414,13.985528945922852,16.59930419921875,17.33856964111328,18.877784729003906,19.11664581298828,18.83022689819336,18.518062591552734,18.189754486083984,17.659391403198242,17.18526840209961,16.054426193237305,15.283257484436035,14.481521606445313,12.852254867553711,11.547266006469727,10.179655075073242,8.970319747924805,7.2034101486206055,5.914822101593018,4.489607810974121,3.0202925205230713,1.2985138893127441,-0.44392436742782593,-2.449347972869873,-4.1025543212890625,-5.706638336181641,-6.945178031921387,-7.99730110168457,-9.871551513671875,-10.946557998657227,-13.542924880981445,-14.41457748413086,-15.242002487182617,-15.97915267944336,-16.079578399658203,-16.03535270690918,-16.118545532226563,-16.23006248474121,-16.166088104248047,-15.795310974121094,-15.476438522338867,-15.562006950378418,-15.622459411621094,-15.35995864868164,-15.077699661254883,-14.926872253417969,-15.051248550415039,-13.755125045776367,-13.0],"X_i":[-3.290639877319336,0.31372034549713135,7.408600330352783,10.74746322631836,13.24394416809082,15.354021072387695,16.83255386352539,16.25971794128418,15.603105545043945,14.654860496520996,13.540159225463867,11.936688423156738,9.32671070098877,6.9080400466918945,4.330864429473877,1.3922338485717773,-2.0926427841186523,-5.3990559577941895,-7.876134872436523,-9.98038101196289,-12.130393981933594,-13.785244941711426,-13.696795463562012,-13.919830322265625,-13.282085418701172,-13.40299129486084,-12.877989768981934,-12.576334953308105,-3.290639877319336],"X_o":[-3.6120285987854004,0.09851177781820297,3.722368001937866,7.500583648681641,9.844700813293457,12.617036819458008,17.844585418701172,20.923017501831055,21.40073585510254,20.776405334472656,19.71567726135254,17.026355743408203,13.767820358276367,11.032600402832031,7.498779773712158,4.648351192474365,1.2047940492630005,-2.8060531616210938,-6.014220714569092,-9.762722969055176,-14.95545482635498,-16.698760986328125,-18.173059463500977,-18.373910903930664,-18.540294647216797,-18.41234588623047,-17.670791625976563,-17.841928482055664,-17.277408599853516,-17.52616310119629,-14.933914184570313,-3.6120285987854004],"Y":[10.300000190734863,10.690359115600586,10.7593412399292,10.989049911499023,11.265254974365234,10.952903747558594,10.770668029785156,11.021970748901367,11.834362030029297,12.457727432250977,13.036172866821289,13.55748176574707,14.028299331665039,14.555658340454102,14.2855224609375,13.531148910522461,12.423323631286621,10.237223625183105,8.71336841583252,7.0324201583862305,5.451284408569336,4.166183948516846,2.67317533493042,1.745234727859497,-0.2418738305568695,-1.8866150379180908,-2.5922937393188477,-3.6561665534973145,-4.366843223571777,-5.074799060821533,-5.388185501098633,-5.990757942199707,-6.6058855056762695,-7.570796966552734,-8.41646957397461,-9.493955612182617,-10.675591468811035,-11.577756881713867,-12.427477836608887,-13.428712844848633,-14.226484298706055,-14.46146011352539,-15.058557510375977,-14.614906311035156,-13.35958480834961,-12.409332275390625,-10.58169174194336,-9.129051208496094,-7.530735015869141,-6.118832111358643,-5.042665004730225,-3.501725196838379,-2.1603124141693115,-0.9367870092391968,0.2685077488422394,1.879188060760498,3.4848227500915527,4.822967529296875,6.394320011138916,7.5793609619140625,9.51902961730957,10.235578536987305,10.300000190734863],"Y_i":[8.919517517089844,8.294816017150879,9.919598579406738,11.076489448547363,12.018122673034668,11.477849960327148,9.262200355529785,5.900303363800049,3.3301024436950684,1.474221110343933,-0.2303539365530014,-1.6417112350463867,-3.0630648136138916,-3.689837694168091,-4.9200921058654785,-6.6114373207092285,-8.974708557128906,-10.674151420593262,-12.269694328308105,-12.739645957946777,-11.852343559265137,-8.197063446044922,-5.373258113861084,-2.2913784980773926,0.11921097338199615,3.3304805755615234,6.00676965713501,8.376852035522461,8.919517517089844],"Y_o":[13.610992431640625,13.246520042419434,13.749125480651855,14.995856285095215,16.038475036621094,17.09319496154785,15.584446907043457,11.212246894836426,8.164536476135254,5.002265453338623,2.0162484645843506,-3.5428762435913086,-5.670621871948242,-7.086533546447754,-8.291678428649902,-10.221501350402832,-12.376474380493164,-14.180804252624512,-16.183273315429688,-17.377470016479492,-14.866826057434082,-12.966320991516113,-10.061038970947266,-6.864406108856201,-4.712071895599365,-2.0292463302612305,0.4178045094013214,3.639165163040161,6.781870365142822,10.661208152770996,12.094305038452148,13.610992431640625]}