{"Factor":1.0,
"X":[-13.0,-10.042247772216797,-6.924406051635742,-5.186939716339111,-3.543511390686035,0.13659118115901947,1.9795374870300293,3.826141834259033,5.677640438079834,7.4307451248168945,9.089303970336914,10.302927017211914,11.461018562316895,12.993474960327148,14.030567169189453,15.59046745300293,17.383464813232422,18.83838653564453,19.062063217163086,18.902374267578125,18.611995697021484,18.221750259399414,17.620677947998047,17.15239715576172,16.057300567626953,15.15829086303711,14.426874160766602,12.938130378723145,11.617009162902832,10.081425666809082,8.917692184448242,7.220959186553955,5.918689727783203,4.253569602966309,2.659696578979492,1.1258511543273926,-0.5291541218757629,-2.367492198944092,-3.957179546356201,-7.058023452758789,-8.327560424804688,-10.14383316040039,-11.145002365112305,-13.630134582519531,-14.587145805358887,-15.26191520690918,-15.965137481689453,-16.204792022705078,-16.235641479492188,-16.14360237121582,-16.128345489501953,-15.79713249206543,-15.473906517028809,-15.423070907592773,-15.50534725189209,-15.34985065460205,-15.355079650878906,-14.917835235595703,-15.070211410522461,-13.700017929077148,-13.0],"X_i":[-3.462036371231079,3.8450467586517334,7.548044204711914,10.86516284942627,13.18134593963623,15.25553035736084,16.76734161376953,16.44796371459961,15.667474746704102,14.730910301208496,13.385663986206055,11.922830581665039,9.280588150024414,6.953122138977051,4.348583698272705,1.1608374118804932,-2.1491730213165283,-5.328547477722168,-10.479419708251953,-12.481758117675781,-13.83129596710205,-13.892992973327637,-13.243072509765625,-13.407625198364258,-13.09663200378418,-12.222143173217773,-3.462036371231079],"X_o":[-3.6249866485595703,0.11402823776006699,3.807236671447754,7.313445568084717,9.740691184997559,12.80560302734375,17.999589920043945,20.909433364868164,21.35678482055664,20.776025772094727,19.573883056640625,16.930917739868164,13.95343017578125,10.88226318359375,7.488796234130859,4.158555507659912,1.0908647775650024,-2.5858116149902344,-6.17570161819458,-9.808245658874512,-14.778511047363281,-16.692533493041992,-18.09897804260254,-18.578289031982422,-18.394210815429688,-18.363698959350586,-17.704740524291992,-17.603069305419922,-17.613527297973633,-17.043790817260742,-15.177892684936523,-3.6249866485595703],"Y":[10.300000190734863,10.689964294433594,10.75924301147461,10.947114944458008,11.236576080322266,10.780243873596191,10.989653587341309,11.205015182495117,11.763181686401367,12.378173828125,12.980079650878906,13.525742530822754,14.04420280456543,14.688949584960938,14.38390064239502,13.890542984008789,12.466035842895508,10.155193328857422,8.764640808105469,7.094295024871826,5.4118452072143555,4.1754302978515625,2.655576705932617,1.6568114757537842,-0.1999140828847885,-1.862464427947998,-2.5474634170532227,-3.575014114379883,-4.351512908935547,-5.134398460388184,-5.433272838592529,-6.020286560058594,-6.658346176147461,-7.550223350524902,-8.30126667022705,-9.539179801940918,-10.813343048095703,-11.62857437133789,-12.546667098999023,-14.250861167907715,-14.521574020385742,-15.062664031982422,-14.708895683288574,-13.366988182067871,-12.63985824584961,-10.86758041381836,-9.40747356414795,-7.7140913009643555,-6.083600997924805,-4.898715496063232,-3.725231647491455,-0.995019793510437,0.46913641691207886,2.0796780586242676,3.640517234802246,4.923989295959473,6.336197376251221,7.378581523895264,7.999164581298828,10.177311897277832,10.300000190734863],"Y_i":[8.835969924926758,8.74749755859375,9.863832473754883,11.067643165588379,12.10456371307373,11.494464874267578,9.255547523498535,5.91485595703125,3.442025899887085,1.444495439529419,-0.20953665673732758,-1.579534649848938,-3.1325321197509766,-3.730280637741089,-5.006400108337402,-6.508486270904541,-9.056812286376953,-10.892995834350586,-12.792647361755371,-12.085111618041992,-8.540557861328125,-5.27957820892334,0.409737765789032,3.531416177749634,6.098360061645508,8.183128356933594,8.835969924926758],"Y_o":[13.637181282043457,13.231809616088867,13.662531852722168,14.892516136169434,15.983841896057129,17.27333641052246,15.676523208618164,11.054839134216309,8.273734092712402,4.908834457397461,1.8691273927688599,-3.515392303466797,-5.570493698120117,-7.136264801025391,-8.31029224395752,-10.094046592712402,-12.569872856140137,-14.200337409973145,-16.250499725341797,-17.332679748535156,-14.64886474609375,-13.19460391998291,-10.274389266967773,-6.887624263763428,-4.517852783203125,-2.1708853244781494,0.5285350680351257,3.7496182918548584,6.574034690856934,9.899969100952148,12.17149543762207,13.637181282043457]}
